<?xml version="1.0" encoding="utf-8" standalone="yes" ?>
<T3DataStructure>
    <sheets>
        <sDEF>
            <ROOT>
                <TCEforms>
                    <sheetTitle>LLL:EXT:extkey/Resources/Private/Language/Backend.xlf:settings.registration.title</sheetTitle>
                </TCEforms>
                <type>array</type>
                <el>
                    <settings.nurLink>
                        <TCEforms>
                            <label>LLL:EXT:wacon_cookie_management/Resources/Private/Language/Backend.xlf:settings.cookiefreigabe.nurlink</label>
                          <config>
  <type>check</type>
 
</config> 
 </TCEforms>
                    </settings.nurLink>

                    <settings.dataProtection>
                        <TCEforms>
                            <label>LLL:EXT:wacon_cookie_management/Resources/Private/Language/Backend.xlf:settings.cookiefreigabe.dataprotection</label>
                          <config>
  <type>group</type>
  <internal_type>db</internal_type>
  <allowed>pages</allowed>
  <size>1</size>
  <maxitems>1</maxitems>
  <minitems>0</minitems>
  <show_thumbs>1</show_thumbs>
</config> 
 </TCEforms>
                    </settings.dataProtection>
                          <settings.imprint>
                        <TCEforms>
                            <label>LLL:EXT:wacon_cookie_management/Resources/Private/Language/Backend.xlf:settings.cookiefreigabe.imprint</label>
                          <config>
  <type>group</type>
  <internal_type>db</internal_type>
  <allowed>pages</allowed>
  <size>1</size>
  <maxitems>1</maxitems>
  <minitems>0</minitems>
  <show_thumbs>1</show_thumbs>
</config>
  </TCEforms>
                    </settings.imprint>
            
                </el>
            </ROOT>
        </sDEF>
    </sheets>
</T3DataStructure>